promo_name,promo_type,redemptions,net_revenue,rebate_cost,gross_margin,revenue_roi,net_roi
MiSight New Fit,New Fit,413,302674.52,61950,177581.72,4.885787247780469,1.8665330104923326
clariti Switch,Switch,760,250780.16,57000,147575.36,4.399651929824562,1.5890414035087717
Annual Supply Bonus,Annual,1548,508069.38,154800,298686.18,3.2821019379844962,0.9294972868217054
New Wearer Reward,New Fit,7348,1969509.64,1653300,1164009.46,1.1912596866872316,-0.29594782556099924
Avaira Vitality Trial,New Fit,1182,50528.31,59100,30802.77,0.8549629441624365,-0.478802538071066
