quarter,transactions,total_lenses,net_revenue,gross_margin,avg_discount,avg_margin,rebate_spend,asp,rebate_pct_rev
1,9414,2574150,2670799.26,1552687.38,0.14670753133630765,0.5875752921181219,0,1.0375460870578637,0.0
2,11429,3076476,3220294.61,1873545.65,0.14622916265640037,0.5880126432758771,0,1.0467478407112554,0.0
3,14332,3817284,4061575.22,2396325.74,0.14635290957298352,0.5962348102149038,870925,1.0639960820310985,21.443035099076656
4,16825,4582998,4859127.89,2864659.91,0.1467831441307578,0.595820808320951,1115225,1.0602509296316516,22.951134961792498
